gender,Acute Kidney Injury,Anemia,HIV/AIDS,Heart Failure,Hypertension,Malaria,Pneumonia,Sepsis,Tuberculosis,Type 2 Diabetes
Female,0.07926829268292683,0.10365853658536585,0.10569105691056911,0.09959349593495935,0.0975609756097561,0.13008130081300814,0.0975609756097561,0.08943089430894309,0.10975609756097561,0.08739837398373984
Male,0.0979498861047836,0.09111617312072894,0.1252847380410023,0.11617312072892938,0.10250569476082004,0.0979498861047836,0.10250569476082004,0.07972665148063782,0.0979498861047836,0.0888382687927107
Unknown,0.07246376811594203,0.08695652173913043,0.13043478260869565,0.11594202898550725,0.13043478260869565,0.08695652173913043,0.11594202898550725,0.14492753623188406,0.043478260869565216,0.07246376811594203
