gender,Deceased,Discharged,LAMA,Referred
Female,0.09552845528455285,0.709349593495935,0.07113821138211382,0.12398373983739837
Male,0.0774487471526196,0.6651480637813212,0.12300683371298406,0.13439635535307518
Unknown,0.11594202898550725,0.6231884057971014,0.08695652173913043,0.17391304347826086
