gender,ICU,Maternity,Medical,Pediatric,Surgical
Female,0.17276422764227642,0.20121951219512196,0.21747967479674796,0.20528455284552846,0.2032520325203252
Male,0.21867881548974943,0.1776765375854214,0.19362186788154898,0.1776765375854214,0.23234624145785876
Unknown,0.2318840579710145,0.13043478260869565,0.18840579710144928,0.21739130434782608,0.2318840579710145
