ward,Deceased,Discharged,LAMA,Referred
ICU,0.08629441624365482,0.6903553299492385,0.09644670050761421,0.12690355329949238
Maternity,0.08602150537634409,0.6881720430107527,0.11290322580645161,0.11290322580645161
Medical,0.09268292682926829,0.6926829268292682,0.08292682926829269,0.13170731707317074
Pediatric,0.07731958762886598,0.6701030927835051,0.09278350515463918,0.15979381443298968
Surgical,0.10091743119266056,0.6788990825688074,0.09174311926605505,0.12844036697247707
