diagnosis,median,mean,count,min,max
Acute Kidney Injury,4.1,5.672413793103448,87,0.1,30.2
Anemia,2.6,4.2556701030927835,97,0.0,29.4
HIV/AIDS,2.7,3.5517241379310347,116,0.0,18.3
Heart Failure,3.8,4.57962962962963,108,0.0,18.1
Hypertension,3.5,4.911764705882353,102,0.0,27.2
Malaria,4.9,5.398230088495575,113,0.0,19.8
Pneumonia,4.05,5.765841584158416,101,0.2,29.5
Sepsis,3.1,5.37752808988764,89,0.0,34.0
Tuberculosis,3.5,4.992,100,0.0,19.9
Type 2 Diabetes,3.2,4.585057471264368,87,0.1,16.6
