gender,median,mean,count,min,max
Female,11.4,11.292886178861789,492,3.6,19.4
Male,11.5,11.4376993166287,439,4.2,17.5
Unknown,11.5,11.153623188405797,69,4.0,16.0
