gender,median,mean,count,min,max
Female,44.0,42.764227642276424,492,1.0,89.0
Male,44.0,44.216400911161735,439,1.0,89.0
Unknown,44.0,42.85507246376812,69,1.0,89.0
