gender,median,mean,count,min,max
Female,124.0,123.73780487804878,492,70.0,204.0
Male,124.0,125.16628701594533,439,73.0,190.0
Unknown,128.0,129.05797101449275,69,85.0,169.0
