gender,median,mean,count,min,max
Female,3.3,4.85630081300813,492,0.0,34.0
Male,3.7,4.990660592255126,439,0.0,30.2
Unknown,3.7,4.38768115942029,69,0.0,19.9
