outcome,median,mean,count,min,max
Deceased,2.8,4.848314606741573,89,0.1,19.9
Discharged,3.4,4.874707602339182,684,0.0,34.0
LAMA,4.1,5.178947368421053,95,0.1,29.4
Referred,3.95,4.735984848484848,132,0.0,18.1
