outcome,median,mean,count,min,max
Deceased,39.0,39.58426966292135,89,1.0,89.0
Discharged,44.0,43.02777777777778,684,1.0,89.0
LAMA,49.0,47.705263157894734,95,3.0,89.0
Referred,44.0,44.86363636363637,132,2.0,89.0
