outcome,median,mean,count,min,max
Deceased,11.3,11.175280898876405,89,3.6,16.5
Discharged,11.4,11.250073099415205,684,3.6,19.4
LAMA,11.6,11.763684210526316,95,4.2,18.5
Referred,11.5,11.664015151515152,132,6.0,16.7
