outcome,median,mean,count,min,max
Deceased,126.0,127.43820224719101,89,70.0,204.0
Discharged,124.0,123.66228070175438,684,75.0,190.0
LAMA,124.0,126.05263157894737,95,74.0,169.0
Referred,125.0,127.5,132,73.0,182.0
