Column1,age,length_of_stay,systolic_bp,hb_level
count,1000,1000,1000,1000
mean,43.408,4.88295,124.732,11.34685
std,25.31423209,4.74907997,19.66364246,2.367923064
min,1,0,70,3.6
25%IQR ,22,1.5,112,10
50% IQR,44,3.5,124,11.5
75% IQR,63,6.7,137,12.8
max,89,34,204,19.4
