ward,median,mean,count,min,max
ICU,44.0,43.934010152284266,197,1.0,89.0
Maternity,44.5,44.03225806451613,186,1.0,89.0
Medical,44.0,42.50731707317073,205,1.0,89.0
Pediatric,44.0,43.55670103092783,194,1.0,89.0
Surgical,44.0,43.11467889908257,218,1.0,89.0
