ward,median,mean,count,min,max
ICU,11.3,11.524365482233504,197,4.4,19.4
Maternity,11.4,11.332795698924732,186,4.2,16.7
Medical,11.4,11.078292682926831,205,3.6,16.7
Pediatric,11.5,11.432474226804125,194,4.0,17.5
Surgical,11.5,11.374770642201835,218,4.4,17.4
