ward,median,mean,count,min,max
ICU,124.0,123.58375634517766,197,75.0,204.0
Maternity,124.0,125.89247311827957,186,70.0,182.0
Medical,124.0,124.59024390243903,205,73.0,173.0
Pediatric,124.0,125.69587628865979,194,80.0,190.0
Surgical,124.0,124.05504587155963,218,79.0,169.0
