ward,median,mean,count,min,max
ICU,3.7,5.339086294416243,197,0.0,30.2
Maternity,3.1500000000000004,4.778494623655914,186,0.0,25.0
Medical,3.9,4.841463414634147,205,0.0,27.2
Pediatric,3.7,4.927061855670103,194,0.0,29.4
Surgical,3.05,4.559633027522936,218,0.0,34.0
